Student_Name,Height_cm,Weight_kg,Student_Name_encoded
Amit,0.08316261034898043,1.7622808524230456,0
Neha,-1.4137643759326795,-1.5944445807637113,2
Rahul,1.5800895966306403,0.25175440748900435,4
Priya,0.0118803729069946,-0.33567254331867746,3
Karan,0.7247027473268347,0.25175440748900435,1
Amit,-0.9860709512807766,-0.33567254331867746,0
